-- Endereco
INSERT INTO endereco (cep, rua, cidade, estado) VALUES
('CEP001', 'Rua 1', 'Cidade1', 'EST'),
('CEP002', 'Rua 2', 'Cidade2', 'EST'),
('CEP003', 'Rua 3', 'Cidade3', 'EST'),
('CEP004', 'Rua 4', 'Cidade4', 'EST'),
('CEP005', 'Rua 5', 'Cidade5', 'EST'),
('CEP006', 'Rua 6', 'Cidade6', 'EST'),
('CEP007', 'Rua 7', 'Cidade7', 'EST'),
('CEP008', 'Rua 8', 'Cidade8', 'EST'),
('CEP009', 'Rua 9', 'Cidade9', 'EST'),
('CEP010', 'Rua 10', 'Cidade10', 'EST');

-- Unidade
INSERT INTO unidade (codigo, cidade, estado, pais, predio, bloco) VALUES
('U01', 'CidadeU1', 'ST', 'Pais1', 'Predio1', 'B1'),
('U02', 'CidadeU2', 'ST', 'Pais2', 'Predio2', 'B2'),
('U03', 'CidadeU3', 'ST', 'Pais3', 'Predio3', 'B3'),
('U04', 'CidadeU4', 'ST', 'Pais4', 'Predio4', 'B4'),
('U05', 'CidadeU5', 'ST', 'Pais5', 'Predio5', 'B5'),
('U06', 'CidadeU6', 'ST', 'Pais6', 'Predio6', 'B6'),
('U07', 'CidadeU7', 'ST', 'Pais7', 'Predio7', 'B7'),
('U08', 'CidadeU8', 'ST', 'Pais8', 'Predio8', 'B8'),
('U09', 'CidadeU9', 'ST', 'Pais9', 'Predio9', 'B9'),
('U10', 'CidadeU10', 'ST', 'Pais10', 'Predio10', 'B10'),
('U11', 'CidadeU11', 'ST', 'Pais11', 'Predio11', 'B11'),
('U12', 'CidadeU12', 'ST', 'Pais12', 'Predio12', 'B12'),
('U13', 'CidadeU13', 'ST', 'Pais13', 'Predio13', 'B13'),
('U14', 'CidadeU14', 'ST', 'Pais14', 'Predio14', 'B14'),
('U15', 'CidadeU15', 'ST', 'Pais15', 'Predio15', 'B15'),
('U16', 'CidadeU16', 'ST', 'Pais16', 'Predio16', 'B16'),
('U17', 'CidadeU17', 'ST', 'Pais17', 'Predio17', 'B17'),
('U18', 'CidadeU18', 'ST', 'Pais18', 'Predio18', 'B18'),
('U19', 'CidadeU19', 'ST', 'Pais19', 'Predio19', 'B19'),
('U20', 'CidadeU20', 'ST', 'Pais20', 'Predio20', 'B20');

-- Usuario
INSERT INTO Usuario (nome, sobrenome, telefone, email, sexo, senha, cep, numero, tipo) VALUES
('Funcionario1', 'SobFuncionario1', '9775520044', 'funcionario1@exemplo.com', 'Feminino', 'passFuncionario1', 'CEP001', 101, 'Funcionario'),
('Funcionario2', 'SobFuncionario2', '9389964102', 'funcionario2@exemplo.com', 'Não Informado', 'passFuncionario2', 'CEP002', 102, 'Funcionario'),
('Funcionario3', 'SobFuncionario3', '9220740535', 'funcionario3@exemplo.com', 'Masculino', 'passFuncionario3', 'CEP003', 103, 'Funcionario'),
('Funcionario4', 'SobFuncionario4', '9906182577', 'funcionario4@exemplo.com', 'Feminino', 'passFuncionario4', 'CEP004', 104, 'Funcionario'),
('Funcionario5', 'SobFuncionario5', '9299273232', 'funcionario5@exemplo.com', 'Não Informado', 'passFuncionario5', 'CEP005', 105, 'Funcionario'),
('Funcionario6', 'SobFuncionario6', '9272359525', 'funcionario6@exemplo.com', 'Masculino', 'passFuncionario6', 'CEP006', 106, 'Funcionario'),
('Funcionario7', 'SobFuncionario7', '9652366202', 'funcionario7@exemplo.com', 'Feminino', 'passFuncionario7', 'CEP007', 107, 'Funcionario'),
('Funcionario8', 'SobFuncionario8', '9853306630', 'funcionario8@exemplo.com', 'Não Informado', 'passFuncionario8', 'CEP008', 108, 'Funcionario'),
('Funcionario9', 'SobFuncionario9', '9689427856', 'funcionario9@exemplo.com', 'Masculino', 'passFuncionario9', 'CEP009', 109, 'Funcionario'),
('Funcionario10', 'SobFuncionario10', '9973413743', 'funcionario10@exemplo.com', 'Feminino', 'passFuncionario10', 'CEP010', 110, 'Funcionario'),
('Funcionario11', 'SobFuncionario11', '9439390993', 'funcionario11@exemplo.com', 'Não Informado', 'passFuncionario11', 'CEP001', 111, 'Funcionario'),
('Funcionario12', 'SobFuncionario12', '9280236800', 'funcionario12@exemplo.com', 'Masculino', 'passFuncionario12', 'CEP002', 112, 'Funcionario'),
('Funcionario13', 'SobFuncionario13', '9141218609', 'funcionario13@exemplo.com', 'Feminino', 'passFuncionario13', 'CEP003', 113, 'Funcionario'),
('Funcionario14', 'SobFuncionario14', '9108420925', 'funcionario14@exemplo.com', 'Não Informado', 'passFuncionario14', 'CEP004', 114, 'Funcionario'),
('Funcionario15', 'SobFuncionario15', '9460426048', 'funcionario15@exemplo.com', 'Masculino', 'passFuncionario15', 'CEP005', 115, 'Funcionario'),
('Funcionario16', 'SobFuncionario16', '9397881624', 'funcionario16@exemplo.com', 'Feminino', 'passFuncionario16', 'CEP006', 116, 'Funcionario'),
('Funcionario17', 'SobFuncionario17', '9497007318', 'funcionario17@exemplo.com', 'Não Informado', 'passFuncionario17', 'CEP007', 117, 'Funcionario'),
('Funcionario18', 'SobFuncionario18', '9552016648', 'funcionario18@exemplo.com', 'Masculino', 'passFuncionario18', 'CEP008', 118, 'Funcionario'),
('Funcionario19', 'SobFuncionario19', '9838245266', 'funcionario19@exemplo.com', 'Feminino', 'passFuncionario19', 'CEP009', 119, 'Funcionario'),
('Funcionario20', 'SobFuncionario20', '9183841678', 'funcionario20@exemplo.com', 'Não Informado', 'passFuncionario20', 'CEP010', 120, 'Funcionario'),
('Aluno1', 'SobAluno1', '9317497787', 'aluno1@exemplo.com', 'Feminino', 'passAluno1', 'CEP001', 101, 'Aluno'),
('Aluno2', 'SobAluno2', '9457207064', 'aluno2@exemplo.com', 'Não Informado', 'passAluno2', 'CEP002', 102, 'Aluno'),
('Aluno3', 'SobAluno3', '9117817125', 'aluno3@exemplo.com', 'Masculino', 'passAluno3', 'CEP003', 103, 'Aluno'),
('Aluno4', 'SobAluno4', '9544136290', 'aluno4@exemplo.com', 'Feminino', 'passAluno4', 'CEP004', 104, 'Aluno'),
('Aluno5', 'SobAluno5', '9972697929', 'aluno5@exemplo.com', 'Não Informado', 'passAluno5', 'CEP005', 105, 'Aluno'),
('Aluno6', 'SobAluno6', '9288452102', 'aluno6@exemplo.com', 'Masculino', 'passAluno6', 'CEP006', 106, 'Aluno'),
('Aluno7', 'SobAluno7', '9988731362', 'aluno7@exemplo.com', 'Feminino', 'passAluno7', 'CEP007', 107, 'Aluno'),
('Aluno8', 'SobAluno8', '9782723912', 'aluno8@exemplo.com', 'Não Informado', 'passAluno8', 'CEP008', 108, 'Aluno'),
('Aluno9', 'SobAluno9', '9993670358', 'aluno9@exemplo.com', 'Masculino', 'passAluno9', 'CEP009', 109, 'Aluno'),
('Aluno10', 'SobAluno10', '9316290938', 'aluno10@exemplo.com', 'Feminino', 'passAluno10', 'CEP010', 110, 'Aluno'),
('Aluno11', 'SobAluno11', '9736162965', 'aluno11@exemplo.com', 'Não Informado', 'passAluno11', 'CEP001', 111, 'Aluno'),
('Aluno12', 'SobAluno12', '9639649495', 'aluno12@exemplo.com', 'Masculino', 'passAluno12', 'CEP002', 112, 'Aluno'),
('Aluno13', 'SobAluno13', '9811436967', 'aluno13@exemplo.com', 'Feminino', 'passAluno13', 'CEP003', 113, 'Aluno'),
('Aluno14', 'SobAluno14', '9924982453', 'aluno14@exemplo.com', 'Não Informado', 'passAluno14', 'CEP004', 114, 'Aluno'),
('Aluno15', 'SobAluno15', '9261964992', 'aluno15@exemplo.com', 'Masculino', 'passAluno15', 'CEP005', 115, 'Aluno'),
('Aluno16', 'SobAluno16', '9277539149', 'aluno16@exemplo.com', 'Feminino', 'passAluno16', 'CEP006', 116, 'Aluno'),
('Aluno17', 'SobAluno17', '9210885335', 'aluno17@exemplo.com', 'Não Informado', 'passAluno17', 'CEP007', 117, 'Aluno'),
('Aluno18', 'SobAluno18', '9973325867', 'aluno18@exemplo.com', 'Masculino', 'passAluno18', 'CEP008', 118, 'Aluno'),
('Aluno19', 'SobAluno19', '9239711468', 'aluno19@exemplo.com', 'Feminino', 'passAluno19', 'CEP009', 119, 'Aluno'),
('Aluno20', 'SobAluno20', '9181708133', 'aluno20@exemplo.com', 'Não Informado', 'passAluno20', 'CEP010', 120, 'Aluno'),
('Professor1', 'SobProfessor1', '9231298646', 'professor1@exemplo.com', 'Feminino', 'passProfessor1', 'CEP001', 101, 'Professor'),
('Professor2', 'SobProfessor2', '9569911222', 'professor2@exemplo.com', 'Não Informado', 'passProfessor2', 'CEP002', 102, 'Professor'),
('Professor3', 'SobProfessor3', '9640688794', 'professor3@exemplo.com', 'Masculino', 'passProfessor3', 'CEP003', 103, 'Professor'),
('Professor4', 'SobProfessor4', '9628568727', 'professor4@exemplo.com', 'Feminino', 'passProfessor4', 'CEP004', 104, 'Professor'),
('Professor5', 'SobProfessor5', '9351466210', 'professor5@exemplo.com', 'Não Informado', 'passProfessor5', 'CEP005', 105, 'Professor'),
('Professor6', 'SobProfessor6', '9653325424', 'professor6@exemplo.com', 'Masculino', 'passProfessor6', 'CEP006', 106, 'Professor'),
('Professor7', 'SobProfessor7', '9272632503', 'professor7@exemplo.com', 'Feminino', 'passProfessor7', 'CEP007', 107, 'Professor'),
('Professor8', 'SobProfessor8', '9915427278', 'professor8@exemplo.com', 'Não Informado', 'passProfessor8', 'CEP008', 108, 'Professor'),
('Professor9', 'SobProfessor9', '9901888263', 'professor9@exemplo.com', 'Masculino', 'passProfessor9', 'CEP009', 109, 'Professor'),
('Professor10', 'SobProfessor10', '9855783794', 'professor10@exemplo.com', 'Feminino', 'passProfessor10', 'CEP010', 110, 'Professor'),
('Professor11', 'SobProfessor11', '9791181405', 'professor11@exemplo.com', 'Não Informado', 'passProfessor11', 'CEP001', 111, 'Professor'),
('Professor12', 'SobProfessor12', '9177546579', 'professor12@exemplo.com', 'Masculino', 'passProfessor12', 'CEP002', 112, 'Professor'),
('Professor13', 'SobProfessor13', '9420227081', 'professor13@exemplo.com', 'Feminino', 'passProfessor13', 'CEP003', 113, 'Professor'),
('Professor14', 'SobProfessor14', '9955582425', 'professor14@exemplo.com', 'Não Informado', 'passProfessor14', 'CEP004', 114, 'Professor'),
('Professor15', 'SobProfessor15', '9673237247', 'professor15@exemplo.com', 'Masculino', 'passProfessor15', 'CEP005', 115, 'Professor'),
('Professor16', 'SobProfessor16', '9212265529', 'professor16@exemplo.com', 'Feminino', 'passProfessor16', 'CEP006', 116, 'Professor'),
('Professor17', 'SobProfessor17', '9559188586', 'professor17@exemplo.com', 'Não Informado', 'passProfessor17', 'CEP007', 117, 'Professor'),
('Professor18', 'SobProfessor18', '9668794106', 'professor18@exemplo.com', 'Masculino', 'passProfessor18', 'CEP008', 118, 'Professor'),
('Professor19', 'SobProfessor19', '9852960084', 'professor19@exemplo.com', 'Feminino', 'passProfessor19', 'CEP009', 119, 'Professor'),
('Professor20', 'SobProfessor20', '9254692023', 'professor20@exemplo.com', 'Não Informado', 'passProfessor20', 'CEP010', 120, 'Professor');

-- Funcionario
INSERT INTO Funcionario (nome, sobrenome, telefone, Cardo) VALUES
('Funcionario1', 'SobFuncionario1', '9775520044', 'Cargo1'),
('Funcionario2', 'SobFuncionario2', '9389964102', 'Cargo2'),
('Funcionario3', 'SobFuncionario3', '9220740535', 'Cargo3'),
('Funcionario4', 'SobFuncionario4', '9906182577', 'Cargo4'),
('Funcionario5', 'SobFuncionario5', '9299273232', 'Cargo5'),
('Funcionario6', 'SobFuncionario6', '9272359525', 'Cargo6'),
('Funcionario7', 'SobFuncionario7', '9652366202', 'Cargo7'),
('Funcionario8', 'SobFuncionario8', '9853306630', 'Cargo8'),
('Funcionario9', 'SobFuncionario9', '9689427856', 'Cargo9'),
('Funcionario10', 'SobFuncionario10', '9973413743', 'Cargo10'),
('Funcionario11', 'SobFuncionario11', '9439390993', 'Cargo11'),
('Funcionario12', 'SobFuncionario12', '9280236800', 'Cargo12'),
('Funcionario13', 'SobFuncionario13', '9141218609', 'Cargo13'),
('Funcionario14', 'SobFuncionario14', '9108420925', 'Cargo14'),
('Funcionario15', 'SobFuncionario15', '9460426048', 'Cargo15'),
('Funcionario16', 'SobFuncionario16', '9397881624', 'Cargo16'),
('Funcionario17', 'SobFuncionario17', '9497007318', 'Cargo17'),
('Funcionario18', 'SobFuncionario18', '9552016648', 'Cargo18'),
('Funcionario19', 'SobFuncionario19', '9838245266', 'Cargo19'),
('Funcionario20', 'SobFuncionario20', '9183841678', 'Cargo20');

-- Aluno
INSERT INTO aluno (nome, sobrenome, telefone, codigoUnidade) VALUES
('Aluno1', 'SobAluno1', '9317497787', 'U01'),
('Aluno2', 'SobAluno2', '9457207064', 'U02'),
('Aluno3', 'SobAluno3', '9117817125', 'U03'),
('Aluno4', 'SobAluno4', '9544136290', 'U04'),
('Aluno5', 'SobAluno5', '9972697929', 'U05'),
('Aluno6', 'SobAluno6', '9288452102', 'U06'),
('Aluno7', 'SobAluno7', '9988731362', 'U07'),
('Aluno8', 'SobAluno8', '9782723912', 'U08'),
('Aluno9', 'SobAluno9', '9993670358', 'U09'),
('Aluno10', 'SobAluno10', '9316290938', 'U10'),
('Aluno11', 'SobAluno11', '9736162965', 'U11'),
('Aluno12', 'SobAluno12', '9639649495', 'U12'),
('Aluno13', 'SobAluno13', '9811436967', 'U13'),
('Aluno14', 'SobAluno14', '9924982453', 'U14'),
('Aluno15', 'SobAluno15', '9261964992', 'U15'),
('Aluno16', 'SobAluno16', '9277539149', 'U16'),
('Aluno17', 'SobAluno17', '9210885335', 'U17'),
('Aluno18', 'SobAluno18', '9973325867', 'U18'),
('Aluno19', 'SobAluno19', '9239711468', 'U19'),
('Aluno20', 'SobAluno20', '9181708133', 'U20');

-- Professor
INSERT INTO Professor (nome, sobrenome, telefone, especializacao, titulacao, codigoUnidade) VALUES
('Professor1', 'SobProfessor1', '9231298646', 'Esp1', 'Tit1', 'U01'),
('Professor2', 'SobProfessor2', '9569911222', 'Esp2', 'Tit2', 'U02'),
('Professor3', 'SobProfessor3', '9640688794', 'Esp3', 'Tit3', 'U03'),
('Professor4', 'SobProfessor4', '9628568727', 'Esp4', 'Tit4', 'U04'),
('Professor5', 'SobProfessor5', '9351466210', 'Esp5', 'Tit5', 'U05'),
('Professor6', 'SobProfessor6', '9653325424', 'Esp6', 'Tit6', 'U06'),
('Professor7', 'SobProfessor7', '9272632503', 'Esp7', 'Tit7', 'U07'),
('Professor8', 'SobProfessor8', '9915427278', 'Esp8', 'Tit8', 'U08'),
('Professor9', 'SobProfessor9', '9901888263', 'Esp9', 'Tit9', 'U09'),
('Professor10', 'SobProfessor10', '9855783794', 'Esp10', 'Tit10', 'U10'),
('Professor11', 'SobProfessor11', '9791181405', 'Esp11', 'Tit11', 'U11'),
('Professor12', 'SobProfessor12', '9177546579', 'Esp12', 'Tit12', 'U12'),
('Professor13', 'SobProfessor13', '9420227081', 'Esp13', 'Tit13', 'U13'),
('Professor14', 'SobProfessor14', '9955582425', 'Esp14', 'Tit14', 'U14'),
('Professor15', 'SobProfessor15', '9673237247', 'Esp15', 'Tit15', 'U15'),
('Professor16', 'SobProfessor16', '9212265529', 'Esp16', 'Tit16', 'U16'),
('Professor17', 'SobProfessor17', '9559188586', 'Esp17', 'Tit17', 'U17'),
('Professor18', 'SobProfessor18', '9668794106', 'Esp18', 'Tit18', 'U18'),
('Professor19', 'SobProfessor19', '9852960084', 'Esp19', 'Tit19', 'U19'),
('Professor20', 'SobProfessor20', '9254692023', 'Esp20', 'Tit20', 'U20');

-- Comunicado
INSERT INTO comunicado (codigo, tipo, texto, DataEnvio) VALUES
('C0001', 'Aviso', 'Texto Aviso 1', '2025-06-01 10:00:00'),
('C0002', 'Aviso', 'Texto Aviso 2', '2025-06-01 10:00:00'),
('C0003', 'Aviso', 'Texto Aviso 3', '2025-06-01 10:00:00'),
('C0004', 'Aviso', 'Texto Aviso 4', '2025-06-01 10:00:00'),
('C0005', 'Aviso', 'Texto Aviso 5', '2025-06-01 10:00:00'),
('C0006', 'Aviso', 'Texto Aviso 6', '2025-06-01 10:00:00'),
('C0007', 'Aviso', 'Texto Aviso 7', '2025-06-01 10:00:00'),
('C0008', 'Aviso', 'Texto Aviso 8', '2025-06-01 10:00:00'),
('C0009', 'Aviso', 'Texto Aviso 9', '2025-06-01 10:00:00'),
('C0010', 'Aviso', 'Texto Aviso 10', '2025-06-01 10:00:00'),
('C0011', 'Aviso', 'Texto Aviso 11', '2025-06-01 10:00:00'),
('C0012', 'Aviso', 'Texto Aviso 12', '2025-06-01 10:00:00'),
('C0013', 'Aviso', 'Texto Aviso 13', '2025-06-01 10:00:00'),
('C0014', 'Aviso', 'Texto Aviso 14', '2025-06-01 10:00:00'),
('C0015', 'Aviso', 'Texto Aviso 15', '2025-06-01 10:00:00'),
('C0016', 'Aviso', 'Texto Aviso 16', '2025-06-01 10:00:00'),
('C0017', 'Aviso', 'Texto Aviso 17', '2025-06-01 10:00:00'),
('C0018', 'Aviso', 'Texto Aviso 18', '2025-06-01 10:00:00'),
('C0019', 'Aviso', 'Texto Aviso 19', '2025-06-01 10:00:00'),
('C0020', 'Aviso', 'Texto Aviso 20', '2025-06-01 10:00:00'),
('C0021', 'Mensagem', 'Texto Mensagem 1', '2025-06-01 10:00:00'),
('C0022', 'Mensagem', 'Texto Mensagem 2', '2025-06-01 10:00:00'),
('C0023', 'Mensagem', 'Texto Mensagem 3', '2025-06-01 10:00:00'),
('C0024', 'Mensagem', 'Texto Mensagem 4', '2025-06-01 10:00:00'),
('C0025', 'Mensagem', 'Texto Mensagem 5', '2025-06-01 10:00:00'),
('C0026', 'Mensagem', 'Texto Mensagem 6', '2025-06-01 10:00:00'),
('C0027', 'Mensagem', 'Texto Mensagem 7', '2025-06-01 10:00:00'),
('C0028', 'Mensagem', 'Texto Mensagem 8', '2025-06-01 10:00:00'),
('C0029', 'Mensagem', 'Texto Mensagem 9', '2025-06-01 10:00:00'),
('C0030', 'Mensagem', 'Texto Mensagem 10', '2025-06-01 10:00:00'),
('C0031', 'Mensagem', 'Texto Mensagem 11', '2025-06-01 10:00:00'),
('C0032', 'Mensagem', 'Texto Mensagem 12', '2025-06-01 10:00:00'),
('C0033', 'Mensagem', 'Texto Mensagem 13', '2025-06-01 10:00:00'),
('C0034', 'Mensagem', 'Texto Mensagem 14', '2025-06-01 10:00:00'),
('C0035', 'Mensagem', 'Texto Mensagem 15', '2025-06-01 10:00:00'),
('C0036', 'Mensagem', 'Texto Mensagem 16', '2025-06-01 10:00:00'),
('C0037', 'Mensagem', 'Texto Mensagem 17', '2025-06-01 10:00:00'),
('C0038', 'Mensagem', 'Texto Mensagem 18', '2025-06-01 10:00:00'),
('C0039', 'Mensagem', 'Texto Mensagem 19', '2025-06-01 10:00:00'),
('C0040', 'Mensagem', 'Texto Mensagem 20', '2025-06-01 10:00:00');

-- Aviso
INSERT INTO aviso (codigoComunicado, nome, sobrenome, telefone) VALUES
('C0001', 'Funcionario1', 'SobFuncionario1', '9775520044'),
('C0002', 'Funcionario2', 'SobFuncionario2', '9389964102'),
('C0003', 'Funcionario3', 'SobFuncionario3', '9220740535'),
('C0004', 'Funcionario4', 'SobFuncionario4', '9906182577'),
('C0005', 'Funcionario5', 'SobFuncionario5', '9299273232'),
('C0006', 'Funcionario6', 'SobFuncionario6', '9272359525'),
('C0007', 'Funcionario7', 'SobFuncionario7', '9652366202'),
('C0008', 'Funcionario8', 'SobFuncionario8', '9853306630'),
('C0009', 'Funcionario9', 'SobFuncionario9', '9689427856'),
('C0010', 'Funcionario10', 'SobFuncionario10', '9973413743'),
('C0011', 'Funcionario11', 'SobFuncionario11', '9439390993'),
('C0012', 'Funcionario12', 'SobFuncionario12', '9280236800'),
('C0013', 'Funcionario13', 'SobFuncionario13', '9141218609'),
('C0014', 'Funcionario14', 'SobFuncionario14', '9108420925'),
('C0015', 'Funcionario15', 'SobFuncionario15', '9460426048'),
('C0016', 'Funcionario16', 'SobFuncionario16', '9397881624'),
('C0017', 'Funcionario17', 'SobFuncionario17', '9497007318'),
('C0018', 'Funcionario18', 'SobFuncionario18', '9552016648'),
('C0019', 'Funcionario19', 'SobFuncionario19', '9838245266'),
('C0020', 'Funcionario20', 'SobFuncionario20', '9183841678');

-- Mensagem
INSERT INTO mensagem (codigoComunicado, nome, sobrenome, telefone) VALUES
('C0021', 'Professor1', 'SobProfessor1', '9231298646'),
('C0022', 'Professor2', 'SobProfessor2', '9569911222'),
('C0023', 'Professor3', 'SobProfessor3', '9640688794'),
('C0024', 'Professor4', 'SobProfessor4', '9628568727'),
('C0025', 'Professor5', 'SobProfessor5', '9351466210'),
('C0026', 'Professor6', 'SobProfessor6', '9653325424'),
('C0027', 'Professor7', 'SobProfessor7', '9272632503'),
('C0028', 'Professor8', 'SobProfessor8', '9915427278'),
('C0029', 'Professor9', 'SobProfessor9', '9901888263'),
('C0030', 'Professor10', 'SobProfessor10', '9855783794'),
('C0031', 'Professor11', 'SobProfessor11', '9791181405'),
('C0032', 'Professor12', 'SobProfessor12', '9177546579'),
('C0033', 'Professor13', 'SobProfessor13', '9420227081'),
('C0034', 'Professor14', 'SobProfessor14', '9955582425'),
('C0035', 'Professor15', 'SobProfessor15', '9673237247'),
('C0036', 'Professor16', 'SobProfessor16', '9212265529'),
('C0037', 'Professor17', 'SobProfessor17', '9559188586'),
('C0038', 'Professor18', 'SobProfessor18', '9668794106'),
('C0039', 'Professor19', 'SobProfessor19', '9852960084'),
('C0040', 'Professor20', 'SobProfessor20', '9254692023');

-- Recebe
INSERT INTO recebe (codigoComunicado, nomeAluno, sobrenomeAluno, telefoneAluno) VALUES
('C0001', 'Aluno1', 'SobAluno1', '9317497787'),
('C0002', 'Aluno2', 'SobAluno2', '9457207064'),
('C0003', 'Aluno3', 'SobAluno3', '9117817125'),
('C0004', 'Aluno4', 'SobAluno4', '9544136290'),
('C0005', 'Aluno5', 'SobAluno5', '9972697929'),
('C0006', 'Aluno6', 'SobAluno6', '9288452102'),
('C0007', 'Aluno7', 'SobAluno7', '9988731362'),
('C0008', 'Aluno8', 'SobAluno8', '9782723912'),
('C0009', 'Aluno9', 'SobAluno9', '9993670358'),
('C0010', 'Aluno10', 'SobAluno10', '9316290938');

-- Disciplina
INSERT INTO disciplina (codigo, nome, aulasSemanais, materialRecomendado, codigoUnidade) VALUES
('DIS1', 'Disciplina1', 2, 'Material1', 'U01'),
('DIS2', 'Disciplina2', 3, 'Material2', 'U02'),
('DIS3', 'Disciplina3', 2, 'Material3', 'U03'),
('DIS4', 'Disciplina4', 5, 'Material4', 'U04'),
('DIS5', 'Disciplina5', 3, 'Material5', 'U05'),
('DIS6', 'Disciplina6', 1, 'Material6', 'U06'),
('DIS7', 'Disciplina7', 3, 'Material7', 'U07'),
('DIS8', 'Disciplina8', 1, 'Material8', 'U08'),
('DIS9', 'Disciplina9', 5, 'Material9', 'U09'),
('DIS10', 'Disciplina10', 5, 'Material10', 'U10'),
('DIS11', 'Disciplina11', 2, 'Material11', 'U11'),
('DIS12', 'Disciplina12', 3, 'Material12', 'U12'),
('DIS13', 'Disciplina13', 5, 'Material13', 'U13'),
('DIS14', 'Disciplina14', 2, 'Material14', 'U14'),
('DIS15', 'Disciplina15', 5, 'Material15', 'U15'),
('DIS16', 'Disciplina16', 4, 'Material16', 'U16'),
('DIS17', 'Disciplina17', 4, 'Material17', 'U17'),
('DIS18', 'Disciplina18', 2, 'Material18', 'U18'),
('DIS19', 'Disciplina19', 3, 'Material19', 'U19'),
('DIS20', 'Disciplina20', 1, 'Material20', 'U20');

-- Ministra
INSERT INTO ministra (nomeProfessor, sobrenomeProfessor, telefoneProfessor, codigoDisciplina, semestreLetivo) VALUES
('Professor1', 'SobProfessor1', '9231298646', 'DIS1', '2025.1'),
('Professor2', 'SobProfessor2', '9569911222', 'DIS2', '2025.2'),
('Professor3', 'SobProfessor3', '9640688794', 'DIS3', '2025.3'),
('Professor4', 'SobProfessor4', '9628568727', 'DIS4', '2025.4'),
('Professor5', 'SobProfessor5', '9351466210', 'DIS5', '2025.5'),
('Professor6', 'SobProfessor6', '9653325424', 'DIS6', '2025.6'),
('Professor7', 'SobProfessor7', '9272632503', 'DIS7', '2025.7'),
('Professor8', 'SobProfessor8', '9915427278', 'DIS8', '2025.8'),
('Professor9', 'SobProfessor9', '9901888263', 'DIS9', '2025.9'),
('Professor10', 'SobProfessor10', '9855783794', 'DIS10', '2025.10'),
('Professor11', 'SobProfessor11', '9791181405', 'DIS11', '2025.11'),
('Professor12', 'SobProfessor12', '9177546579', 'DIS12', '2025.12'),
('Professor13', 'SobProfessor13', '9420227081', 'DIS13', '2025.13'),
('Professor14', 'SobProfessor14', '9955582425', 'DIS14', '2025.14'),
('Professor15', 'SobProfessor15', '9673237247', 'DIS15', '2025.15'),
('Professor16', 'SobProfessor16', '9212265529', 'DIS16', '2025.16'),
('Professor17', 'SobProfessor17', '9559188586', 'DIS17', '2025.17'),
('Professor18', 'SobProfessor18', '9668794106', 'DIS18', '2025.18'),
('Professor19', 'SobProfessor19', '9852960084', 'DIS19', '2025.19'),
('Professor20', 'SobProfessor20', '9254692023', 'DIS20', '2025.20');

-- Avalia
INSERT INTO avalia (nomeProfessor, sobrenomeProfessor, telefoneProfessor, nomeAluno, sobrenomeAluno, telefoneAluno, codigoDisciplina, texto, notaDidatica, notaMaterial, notaRelevancia, notaInfra) VALUES
('Professor1', 'SobProfessor1', '9231298646', 'Aluno1', 'SobAluno1', '9317497787', 'DIS1', 'Texto Avalia 1', 1, 4, 5, 2),
('Professor2', 'SobProfessor2', '9569911222', 'Aluno2', 'SobAluno2', '9457207064', 'DIS2', 'Texto Avalia 2', 4, 4, 5, 3),
('Professor3', 'SobProfessor3', '9640688794', 'Aluno3', 'SobAluno3', '9117817125', 'DIS3', 'Texto Avalia 3', 5, 1, 5, 1),
('Professor4', 'SobProfessor4', '9628568727', 'Aluno4', 'SobAluno4', '9544136290', 'DIS4', 'Texto Avalia 4', 4, 4, 4, 5),
('Professor5', 'SobProfessor5', '9351466210', 'Aluno5', 'SobAluno5', '9972697929', 'DIS5', 'Texto Avalia 5', 5, 3, 1, 1),
('Professor6', 'SobProfessor6', '9653325424', 'Aluno6', 'SobAluno6', '9288452102', 'DIS6', 'Texto Avalia 6', 4, 2, 4, 2),
('Professor7', 'SobProfessor7', '9272632503', 'Aluno7', 'SobAluno7', '9988731362', 'DIS7', 'Texto Avalia 7', 5, 4, 2, 3),
('Professor8', 'SobProfessor8', '9915427278', 'Aluno8', 'SobAluno8', '9782723912', 'DIS8', 'Texto Avalia 8', 1, 4, 1, 5),
('Professor9', 'SobProfessor9', '9901888263', 'Aluno9', 'SobAluno9', '9993670358', 'DIS9', 'Texto Avalia 9', 5, 3, 1, 1),
('Professor10', 'SobProfessor10', '9855783794', 'Aluno10', 'SobAluno10', '9316290938', 'DIS10', 'Texto Avalia 10', 3, 2, 3, 5);

-- Matricula
INSERT INTO matricula (nomeAluno, sobrenomeAluno, telefoneAluno, codigoDisciplina, periodoLetivo, dataEfetivacao, status, notaFinal, bolsaDeEstudos, DescontoAplicado, valorDePagamento) VALUES
('Aluno1', 'SobAluno1', '9317497787', 'DIS1', '20251', '2025-06-01 09:00:00', 'ativa', 96, false, 18, 2956),
('Aluno2', 'SobAluno2', '9457207064', 'DIS2', '20251', '2025-06-01 09:00:00', 'trancada', 56, true, 48, 1263),
('Aluno3', 'SobAluno3', '9117817125', 'DIS3', '20251', '2025-06-01 09:00:00', 'concluída', 60, false, 16, 1252),
('Aluno4', 'SobAluno4', '9544136290', 'DIS4', '20251', '2025-06-01 09:00:00', 'reprovada', 92, true, 10, 2351),
('Aluno5', 'SobAluno5', '9972697929', 'DIS5', '20251', '2025-06-01 09:00:00', 'ativa', 66, false, 26, 3137),
('Aluno6', 'SobAluno6', '9288452102', 'DIS6', '20251', '2025-06-01 09:00:00', 'trancada', 61, true, 34, 3364),
('Aluno7', 'SobAluno7', '9988731362', 'DIS7', '20251', '2025-06-01 09:00:00', 'concluída', 62, false, 14, 4984),
('Aluno8', 'SobAluno8', '9782723912', 'DIS8', '20251', '2025-06-01 09:00:00', 'reprovada', 57, true, 16, 2647),
('Aluno9', 'SobAluno9', '9993670358', 'DIS9', '20251', '2025-06-01 09:00:00', 'ativa', 96, false, 34, 4293),
('Aluno10', 'SobAluno10', '9316290938', 'DIS10', '20251', '2025-06-01 09:00:00', 'trancada', 75, true, 16, 2668),
('Aluno11', 'SobAluno11', '9736162965', 'DIS11', '20251', '2025-06-01 09:00:00', 'concluída', 87, false, 33, 2082),
('Aluno12', 'SobAluno12', '9639649495', 'DIS12', '20251', '2025-06-01 09:00:00', 'reprovada', 99, true, 6, 3794),
('Aluno13', 'SobAluno13', '9811436967', 'DIS13', '20251', '2025-06-01 09:00:00', 'ativa', 94, false, 44, 2004),
('Aluno14', 'SobAluno14', '9924982453', 'DIS14', '20251', '2025-06-01 09:00:00', 'trancada', 96, true, 20, 3775),
('Aluno15', 'SobAluno15', '9261964992', 'DIS15', '20251', '2025-06-01 09:00:00', 'concluída', 51, false, 4, 2755),
('Aluno16', 'SobAluno16', '9277539149', 'DIS16', '20251', '2025-06-01 09:00:00', 'reprovada', 54, true, 33, 4734),
('Aluno17', 'SobAluno17', '9210885335', 'DIS17', '20251', '2025-06-01 09:00:00', 'ativa', 86, false, 6, 4609),
('Aluno18', 'SobAluno18', '9973325867', 'DIS18', '20251', '2025-06-01 09:00:00', 'trancada', 79, true, 22, 4981),
('Aluno19', 'SobAluno19', '9239711468', 'DIS19', '20251', '2025-06-01 09:00:00', 'concluída', 61, false, 37, 1949),
('Aluno20', 'SobAluno20', '9181708133', 'DIS20', '20251', '2025-06-01 09:00:00', 'reprovada', 87, true, 20, 2014),
('Aluno1', 'SobAluno1', '9317497787', 'DIS1', '20252', '2025-06-01 09:00:00', 'ativa', 85, false, 4, 4874),
('Aluno2', 'SobAluno2', '9457207064', 'DIS2', '20252', '2025-06-01 09:00:00', 'trancada', 89, true, 47, 3700),
('Aluno3', 'SobAluno3', '9117817125', 'DIS3', '20252', '2025-06-01 09:00:00', 'concluída', 96, false, 41, 1155),
('Aluno4', 'SobAluno4', '9544136290', 'DIS4', '20252', '2025-06-01 09:00:00', 'reprovada', 90, true, 27, 3147),
('Aluno5', 'SobAluno5', '9972697929', 'DIS5', '20252', '2025-06-01 09:00:00', 'ativa', 92, false, 40, 3083),
('Aluno6', 'SobAluno6', '9288452102', 'DIS6', '20252', '2025-06-01 09:00:00', 'trancada', 98, true, 14, 4102),
('Aluno7', 'SobAluno7', '9988731362', 'DIS7', '20252', '2025-06-01 09:00:00', 'concluída', 58, false, 37, 1031),
('Aluno8', 'SobAluno8', '9782723912', 'DIS8', '20252', '2025-06-01 09:00:00', 'reprovada', 98, true, 13, 3391),
('Aluno9', 'SobAluno9', '9993670358', 'DIS9', '20252', '2025-06-01 09:00:00', 'ativa', 59, false, 33, 4774),
('Aluno10', 'SobAluno10', '9316290938', 'DIS10', '20252', '2025-06-01 09:00:00', 'trancada', 85, true, 11, 1914),
('Aluno11', 'SobAluno11', '9736162965', 'DIS11', '20252', '2025-06-01 09:00:00', 'concluída', 80, false, 5, 4183),
('Aluno12', 'SobAluno12', '9639649495', 'DIS12', '20252', '2025-06-01 09:00:00', 'reprovada', 66, true, 4, 4552),
('Aluno13', 'SobAluno13', '9811436967', 'DIS13', '20252', '2025-06-01 09:00:00', 'ativa', 55, false, 43, 4124),
('Aluno14', 'SobAluno14', '9924982453', 'DIS14', '20252', '2025-06-01 09:00:00', 'trancada', 87, true, 25, 1589),
('Aluno15', 'SobAluno15', '9261964992', 'DIS15', '20252', '2025-06-01 09:00:00', 'concluída', 63, false, 6, 3324),
('Aluno16', 'SobAluno16', '9277539149', 'DIS16', '20252', '2025-06-01 09:00:00', 'reprovada', 68, true, 46, 1617),
('Aluno17', 'SobAluno17', '9210885335', 'DIS17', '20252', '2025-06-01 09:00:00', 'ativa', 63, false, 43, 1027),
('Aluno18', 'SobAluno18', '9973325867', 'DIS18', '20252', '2025-06-01 09:00:00', 'trancada', 85, true, 31, 2826),
('Aluno19', 'SobAluno19', '9239711468', 'DIS19', '20252', '2025-06-01 09:00:00', 'concluída', 57, false, 34, 3324),
('Aluno20', 'SobAluno20', '9181708133', 'DIS20', '20252', '2025-06-01 09:00:00', 'reprovada', 87, true, 41, 3719);

-- Departamento
INSERT INTO departamento (codigo, nome, nomeProfessor, sobrenomeProfessor, telefoneProfessor) VALUES
('D001', 'Departamento1', 'Professor1', 'SobProfessor1', '9231298646'),
('D002', 'Departamento2', 'Professor2', 'SobProfessor2', '9569911222'),
('D003', 'Departamento3', 'Professor3', 'SobProfessor3', '9640688794'),
('D004', 'Departamento4', 'Professor4', 'SobProfessor4', '9628568727'),
('D005', 'Departamento5', 'Professor5', 'SobProfessor5', '9351466210'),
('D006', 'Departamento6', 'Professor6', 'SobProfessor6', '9653325424'),
('D007', 'Departamento7', 'Professor7', 'SobProfessor7', '9272632503'),
('D008', 'Departamento8', 'Professor8', 'SobProfessor8', '9915427278'),
('D009', 'Departamento9', 'Professor9', 'SobProfessor9', '9901888263'),
('D010', 'Departamento10', 'Professor10', 'SobProfessor10', '9855783794'),
('D011', 'Departamento11', 'Professor11', 'SobProfessor11', '9791181405'),
('D012', 'Departamento12', 'Professor12', 'SobProfessor12', '9177546579'),
('D013', 'Departamento13', 'Professor13', 'SobProfessor13', '9420227081'),
('D014', 'Departamento14', 'Professor14', 'SobProfessor14', '9955582425'),
('D015', 'Departamento15', 'Professor15', 'SobProfessor15', '9673237247'),
('D016', 'Departamento16', 'Professor16', 'SobProfessor16', '9212265529'),
('D017', 'Departamento17', 'Professor17', 'SobProfessor17', '9559188586'),
('D018', 'Departamento18', 'Professor18', 'SobProfessor18', '9668794106'),
('D019', 'Departamento19', 'Professor19', 'SobProfessor19', '9852960084'),
('D020', 'Departamento20', 'Professor20', 'SobProfessor20', '9254692023');

-- Curso
INSERT INTO curso (codigo, nome, nivel, cargaHoraria, vagas, salaDeAula, Ementa, codigoDepartamento, codigoUnidade) VALUES
('C001', 'Curso1', 1, 60, 30, 'Sala1', 'Ementa1', 'D001', 'U01'),
('C002', 'Curso2', 3, 60, 30, 'Sala2', 'Ementa2', 'D002', 'U02'),
('C003', 'Curso3', 3, 60, 30, 'Sala3', 'Ementa3', 'D003', 'U03'),
('C004', 'Curso4', 1, 60, 30, 'Sala4', 'Ementa4', 'D004', 'U04'),
('C005', 'Curso5', 3, 60, 30, 'Sala5', 'Ementa5', 'D005', 'U05'),
('C006', 'Curso6', 3, 60, 30, 'Sala6', 'Ementa6', 'D006', 'U06'),
('C007', 'Curso7', 3, 60, 30, 'Sala7', 'Ementa7', 'D007', 'U07'),
('C008', 'Curso8', 1, 60, 30, 'Sala8', 'Ementa8', 'D008', 'U08'),
('C009', 'Curso9', 2, 60, 30, 'Sala9', 'Ementa9', 'D009', 'U09'),
('C010', 'Curso10', 1, 60, 30, 'Sala10', 'Ementa10', 'D010', 'U10'),
('C011', 'Curso11', 2, 60, 30, 'Sala11', 'Ementa11', 'D011', 'U11'),
('C012', 'Curso12', 3, 60, 30, 'Sala12', 'Ementa12', 'D012', 'U12'),
('C013', 'Curso13', 2, 60, 30, 'Sala13', 'Ementa13', 'D013', 'U13'),
('C014', 'Curso14', 3, 60, 30, 'Sala14', 'Ementa14', 'D014', 'U14'),
('C015', 'Curso15', 2, 60, 30, 'Sala15', 'Ementa15', 'D015', 'U15'),
('C016', 'Curso16', 3, 60, 30, 'Sala16', 'Ementa16', 'D016', 'U16'),
('C017', 'Curso17', 3, 60, 30, 'Sala17', 'Ementa17', 'D017', 'U17'),
('C018', 'Curso18', 3, 60, 30, 'Sala18', 'Ementa18', 'D018', 'U18'),
('C019', 'Curso19', 3, 60, 30, 'Sala19', 'Ementa19', 'D019', 'U19'),
('C020', 'Curso20', 1, 60, 30, 'Sala20', 'Ementa20', 'D020', 'U20'),
('C021', 'Curso21', 1, 60, 30, 'Sala21', 'Ementa21', 'D001', 'U01'),
('C022', 'Curso22', 2, 60, 30, 'Sala22', 'Ementa22', 'D002', 'U02'),
('C023', 'Curso23', 3, 60, 30, 'Sala23', 'Ementa23', 'D003', 'U03'),
('C024', 'Curso24', 2, 60, 30, 'Sala24', 'Ementa24', 'D004', 'U04'),
('C025', 'Curso25', 1, 60, 30, 'Sala25', 'Ementa25', 'D005', 'U05'),
('C026', 'Curso26', 3, 60, 30, 'Sala26', 'Ementa26', 'D006', 'U06'),
('C027', 'Curso27', 1, 60, 30, 'Sala27', 'Ementa27', 'D007', 'U07'),
('C028', 'Curso28', 1, 60, 30, 'Sala28', 'Ementa28', 'D008', 'U08'),
('C029', 'Curso29', 2, 60, 30, 'Sala29', 'Ementa29', 'D009', 'U09'),
('C030', 'Curso30', 1, 60, 30, 'Sala30', 'Ementa30', 'D010', 'U10'),
('C031', 'Curso31', 1, 60, 30, 'Sala31', 'Ementa31', 'D011', 'U11'),
('C032', 'Curso32', 1, 60, 30, 'Sala32', 'Ementa32', 'D012', 'U12'),
('C033', 'Curso33', 1, 60, 30, 'Sala33', 'Ementa33', 'D013', 'U13'),
('C034', 'Curso34', 2, 60, 30, 'Sala34', 'Ementa34', 'D014', 'U14'),
('C035', 'Curso35', 1, 60, 30, 'Sala35', 'Ementa35', 'D015', 'U15'),
('C036', 'Curso36', 1, 60, 30, 'Sala36', 'Ementa36', 'D016', 'U16'),
('C037', 'Curso37', 1, 60, 30, 'Sala37', 'Ementa37', 'D017', 'U17'),
('C038', 'Curso38', 1, 60, 30, 'Sala38', 'Ementa38', 'D018', 'U18'),
('C039', 'Curso39', 2, 60, 30, 'Sala39', 'Ementa39', 'D019', 'U19'),
('C040', 'Curso40', 1, 60, 30, 'Sala40', 'Ementa40', 'D020', 'U20'),
('C041', 'Curso41', 3, 60, 30, 'Sala41', 'Ementa41', 'D001', 'U01'),
('C042', 'Curso42', 3, 60, 30, 'Sala42', 'Ementa42', 'D002', 'U02'),
('C043', 'Curso43', 2, 60, 30, 'Sala43', 'Ementa43', 'D003', 'U03'),
('C044', 'Curso44', 2, 60, 30, 'Sala44', 'Ementa44', 'D004', 'U04'),
('C045', 'Curso45', 2, 60, 30, 'Sala45', 'Ementa45', 'D005', 'U05'),
('C046', 'Curso46', 1, 60, 30, 'Sala46', 'Ementa46', 'D006', 'U06'),
('C047', 'Curso47', 1, 60, 30, 'Sala47', 'Ementa47', 'D007', 'U07'),
('C048', 'Curso48', 2, 60, 30, 'Sala48', 'Ementa48', 'D008', 'U08'),
('C049', 'Curso49', 1, 60, 30, 'Sala49', 'Ementa49', 'D009', 'U09'),
('C050', 'Curso50', 3, 60, 30, 'Sala50', 'Ementa50', 'D010', 'U10');

-- Regras
INSERT INTO regras (codigoCurso, regra) VALUES
('C001', 'Regra1'),
('C002', 'Regra2'),
('C003', 'Regra3'),
('C004', 'Regra4'),
('C005', 'Regra5'),
('C006', 'Regra6'),
('C007', 'Regra7'),
('C008', 'Regra8'),
('C009', 'Regra9'),
('C010', 'Regra10');

-- NecessidadesDeInfraestrutura
INSERT INTO NecessidadesDeInfraestrutura (codigoCurso, necessidadeDeInfraestrutura) VALUES
('C001', 'Infra1'),
('C002', 'Infra2'),
('C003', 'Infra3'),
('C004', 'Infra4'),
('C005', 'Infra5'),
('C006', 'Infra6'),
('C007', 'Infra7'),
('C008', 'Infra8'),
('C009', 'Infra9'),
('C010', 'Infra10');

-- Compoe
INSERT INTO Compoe (codigoCurso, codigoDisciplina) VALUES
('C001', 'DIS1'),
('C002', 'DIS2'),
('C003', 'DIS3'),
('C004', 'DIS4'),
('C005', 'DIS5'),
('C006', 'DIS6'),
('C007', 'DIS7'),
('C008', 'DIS8'),
('C009', 'DIS9'),
('C010', 'DIS10'),
('C011', 'DIS11'),
('C012', 'DIS12'),
('C013', 'DIS13'),
('C014', 'DIS14'),
('C015', 'DIS15'),
('C016', 'DIS16'),
('C017', 'DIS17'),
('C018', 'DIS18'),
('C019', 'DIS19'),
('C020', 'DIS20'),
('C021', 'DIS1'),
('C022', 'DIS2'),
('C023', 'DIS3'),
('C024', 'DIS4'),
('C025', 'DIS5'),
('C026', 'DIS6'),
('C027', 'DIS7'),
('C028', 'DIS8'),
('C029', 'DIS9'),
('C030', 'DIS10'),
('C031', 'DIS11'),
('C032', 'DIS12'),
('C033', 'DIS13'),
('C034', 'DIS14'),
('C035', 'DIS15'),
('C036', 'DIS16'),
('C037', 'DIS17'),
('C038', 'DIS18'),
('C039', 'DIS19'),
('C040', 'DIS20'),
('C041', 'DIS1'),
('C042', 'DIS2'),
('C043', 'DIS3'),
('C044', 'DIS4'),
('C045', 'DIS5'),
('C046', 'DIS6'),
('C047', 'DIS7'),
('C048', 'DIS8'),
('C049', 'DIS9'),
('C050', 'DIS10');

-- PreRequisitoCursoeCurso
INSERT INTO PreRequisitoCursoeCurso (codigoCurso, codigoCurso2) VALUES
('C001', 'C002'),
('C002', 'C003'),
('C003', 'C004'),
('C004', 'C005'),
('C005', 'C006'),
('C006', 'C007'),
('C007', 'C008'),
('C008', 'C009'),
('C009', 'C010'),
('C010', 'C011');

-- PreRequisitoCursoeDisciplina
INSERT INTO PreRequisitoCursoeDisciplina (codigoCurso, codigoDisciplina) VALUES
('C001', 'DIS1'),
('C002', 'DIS2'),
('C003', 'DIS3'),
('C004', 'DIS4'),
('C005', 'DIS5'),
('C006', 'DIS6'),
('C007', 'DIS7'),
('C008', 'DIS8'),
('C009', 'DIS9'),
('C010', 'DIS10');